rho,repeats,groups,model,p_boundary,probability_at_boundary,probability_at_target,target_false_clearance_above_5pct
0.0,1,300,beta,0.00993608194445771,0.05000000000000003,0.049040894071285854,False
0.0,1,300,zero_atom,0.00993608194445771,0.05000000000000003,0.049040894071285854,False
0.0,1,300,one_atom,0.00993608194445771,0.05000000000000003,0.049040894071285854,False
0.0,2,150,beta,0.00993608194445771,0.05000000000000003,0.049040894071285854,False
0.0,2,150,zero_atom,0.00993608194445771,0.05000000000000003,0.049040894071285854,False
0.0,2,150,one_atom,0.00993608194445771,0.05000000000000003,0.049040894071285854,False
0.0,5,60,beta,0.00993608194445771,0.05000000000000003,0.049040894071285854,False
0.0,5,60,zero_atom,0.00993608194445771,0.05000000000000003,0.049040894071285854,False
0.0,5,60,one_atom,0.00993608194445771,0.05000000000000003,0.049040894071285854,False
0.0,10,30,beta,0.00993608194445771,0.05000000000000003,0.049040894071285854,False
0.0,10,30,zero_atom,0.00993608194445771,0.05000000000000003,0.049040894071285854,False
0.0,10,30,one_atom,0.00993608194445771,0.05000000000000003,0.049040894071285854,False
0.0,30,10,beta,0.00993608194445771,0.05000000000000003,0.049040894071285854,False
0.0,30,10,zero_atom,0.00993608194445771,0.05000000000000003,0.049040894071285854,False
0.0,30,10,one_atom,0.00993608194445771,0.05000000000000003,0.049040894071285854,False
0.0,100,3,beta,0.00993608194445771,0.05000000000000003,0.049040894071285854,False
0.0,100,3,zero_atom,0.00993608194445771,0.05000000000000003,0.049040894071285854,False
0.0,100,3,one_atom,0.00993608194445771,0.05000000000000003,0.049040894071285854,False
0.0,300,1,beta,0.00993608194445771,0.05000000000000003,0.049040894071285854,False
0.0,300,1,zero_atom,0.00993608194445771,0.05000000000000003,0.049040894071285854,False
0.0,300,1,one_atom,0.00993608194445771,0.05000000000000003,0.049040894071285854,False
0.01,1,300,beta,0.00993608194445771,0.05000000000000003,0.049040894071285854,False
0.01,1,300,zero_atom,0.009936081944458188,0.05000000000000136,0.049040894071297046,False
0.01,1,300,one_atom,0.00993608194445771,0.05000000000000003,0.049040894071285854,False
0.01,2,150,beta,0.009986010739138598,0.05000000000000005,0.0497895574810243,False
0.01,2,150,zero_atom,0.00998601073913882,0.05000000000000136,0.04978955748102892,False
0.01,2,150,one_atom,0.009986010739138598,0.05000000000000005,0.0497895574810243,False
0.01,5,60,beta,0.010134813209869455,0.05000000000000003,0.05204294310312926,True
0.01,5,60,zero_atom,0.010138835173582016,0.0499999999999987,0.0521038670136097,True
0.01,5,60,one_atom,0.010016210820337077,0.05000000000000003,0.05024423042286384,True
0.01,10,30,beta,0.010379676996982067,0.05000000000000003,0.055820026452178956,True
0.01,10,30,zero_atom,0.010404142603269068,0.0499999999999987,0.056193987051523925,True
0.01,10,30,one_atom,0.010026318352695612,0.05000000000000001,0.05039670887705311,True
0.01,30,10,beta,0.011324475078822047,0.05000000000000003,0.0710904092435417,True
0.01,30,10,zero_atom,0.011619333404070578,0.04999999999999981,0.07562240706202412,True
0.01,30,10,one_atom,0.0100330681056628,0.04999999999999998,0.05049861816731013,True
0.01,100,3,beta,0.014319868152634599,0.05000000000000003,0.12384519159291311,True
0.01,100,3,zero_atom,0.019511924751514573,0.04999999999999996,0.1801839670440108,True
0.01,100,3,one_atom,0.010035432677611023,0.04999999999999998,0.05053433508281392,True
0.01,300,1,beta,0.021524075789795656,0.04999999999999998,0.24971586954779343,True
0.01,300,1,zero_atom,0.15966386554621853,0.05000000000000003,0.49869598456849856,True
0.01,300,1,one_atom,0.010036108475361814,0.05000000000000003,0.050544544555000175,True
0.1,1,300,beta,0.00993608194445771,0.05000000000000003,0.049040894071285854,False
0.1,1,300,zero_atom,0.009936081944458282,0.0499999999999947,0.04904089407129052,False
0.1,1,300,one_atom,0.00993608194445771,0.05000000000000003,0.049040894071285854,False
0.1,2,150,beta,0.010458888249251442,0.05000000000000001,0.05705942126328076,True
0.1,2,150,zero_atom,0.010458888249251553,0.05000000000000136,0.05705942126328027,True
0.1,2,150,one_atom,0.010458888249251442,0.05000000000000001,0.05705942126328076,True
0.1,5,60,beta,0.011939975051376867,0.05000000000000001,0.08151906587570512,True
0.1,5,60,zero_atom,0.012154429791039745,0.0499999999999987,0.08514761989818995,True
0.1,5,60,one_atom,0.01079998658162172,0.05000000000000003,0.062486867287058476,True
0.1,10,30,beta,0.014200413861053987,0.05000000000000003,0.12168383183675022,True
0.1,10,30,zero_atom,0.015427601968135453,0.049999999999999364,0.14281965084036155,True
0.1,10,30,one_atom,0.010918711786751578,0.05000000000000003,0.06440840566213023,True
0.1,30,10,beta,0.021910785520515834,0.05000000000000003,0.25595240790394896,True
0.1,30,10,zero_atom,0.034414641669545346,0.05000000000000003,0.3942946189571295,True
0.1,30,10,one_atom,0.010999330896471968,0.05000000000000003,0.06572214764342553,True
0.1,100,3,beta,0.04321400101271798,0.05000000000000003,0.5021928263198486,True
0.1,100,3,zero_atom,0.1463510754628033,0.04999999999999998,0.7492510659296422,True
0.1,100,3,one_atom,0.011027831142917846,0.05000000000000005,0.06618826025859555,True
0.1,300,1,beta,0.09145128657164475,0.05000000000000001,0.7234949221196313,True
0.1,300,1,zero_atom,0.6551724137931034,0.05000000000000003,0.9082568807339451,True
0.1,300,1,one_atom,0.011036001369332048,0.05000000000000001,0.06632204144783366,True
0.5,1,300,beta,0.00993608194445771,0.05000000000000003,0.049040894071285854,False
0.5,1,300,zero_atom,0.009936081944457775,0.05000000000000303,0.04904089407128562,False
0.5,1,300,one_atom,0.00993608194445771,0.05000000000000003,0.049040894071285854,False
0.5,2,150,beta,0.013240731096327379,0.05000000000000001,0.10440980904715415,True
0.5,2,150,zero_atom,0.013240731096327403,0.0499999999999997,0.10440980904715406,True
0.5,2,150,one_atom,0.013240731096327379,0.05000000000000001,0.10440980904715415,True
0.5,5,60,beta,0.021713749165734937,0.05000000000000003,0.2529876236372212,True
0.5,5,60,zero_atom,0.02568149090267402,0.0499999999999997,0.3122258542860891,True
0.5,5,60,one_atom,0.016550882953565077,0.05000000000000003,0.16430510407162713,True
0.5,10,30,beta,0.03378577844419835,0.05000000000000003,0.41435707168891883,True
0.5,10,30,zero_atom,0.049918093278668474,0.04999999999999985,0.5490944885650915,True
0.5,10,30,one_atom,0.018058832984482784,0.05000000000000003,0.19111185999080463,True
0.5,30,10,beta,0.07384451464344924,0.05000000000000001,0.6701130694362668,True
0.5,30,10,zero_atom,0.1486763707581814,0.04999999999999998,0.8187252946775851,True
0.5,30,10,one_atom,0.019228197456759112,0.05000000000000001,0.21137098061587903,True
0.5,100,3,beta,0.18644868555199712,0.05000000000000001,0.8556723170607657,True
0.5,100,3,zero_atom,0.46155758279182213,0.05000000000000003,0.9417626499440453,True
0.5,100,3,one_atom,0.019674445459823123,0.05000000000000003,0.21895787283507478,True
0.5,300,1,beta,0.4430761131697579,0.05000000000000001,0.9390288063760559,True
0.5,300,1,zero_atom,0.9047619047619047,0.05000000000000005,0.9801980198019802,True
0.5,300,1,one_atom,0.019805813243494952,0.05000000000000005,0.22117515361039178,True
