p,rho,repeats,groups,model,zero_failure_probability,independent_probability,variance_effective_n,effective_n_plugin_probability
0.001,0.0,1,300,beta,0.7407070321560995,0.7407070321560992,300.0,0.7407070321560995
0.001,0.0,1,300,zero_atom,0.7407070321560995,0.7407070321560992,300.0,0.7407070321560995
0.001,0.0,1,300,one_atom,0.7407070321560995,0.7407070321560992,300.0,0.7407070321560995
0.001,0.0,2,150,beta,0.7407070321560995,0.7407070321560992,300.0,0.7407070321560995
0.001,0.0,2,150,zero_atom,0.7407070321560995,0.7407070321560992,300.0,0.7407070321560995
0.001,0.0,2,150,one_atom,0.7407070321560995,0.7407070321560992,300.0,0.7407070321560995
0.001,0.0,5,60,beta,0.7407070321560995,0.7407070321560992,300.0,0.7407070321560995
0.001,0.0,5,60,zero_atom,0.7407070321560995,0.7407070321560992,300.0,0.7407070321560995
0.001,0.0,5,60,one_atom,0.7407070321560995,0.7407070321560992,300.0,0.7407070321560995
0.001,0.0,10,30,beta,0.7407070321560995,0.7407070321560992,300.0,0.7407070321560995
0.001,0.0,10,30,zero_atom,0.7407070321560995,0.7407070321560992,300.0,0.7407070321560995
0.001,0.0,10,30,one_atom,0.7407070321560995,0.7407070321560992,300.0,0.7407070321560995
0.001,0.0,30,10,beta,0.7407070321560995,0.7407070321560992,300.0,0.7407070321560995
0.001,0.0,30,10,zero_atom,0.7407070321560995,0.7407070321560992,300.0,0.7407070321560995
0.001,0.0,30,10,one_atom,0.7407070321560995,0.7407070321560992,300.0,0.7407070321560995
0.001,0.0,100,3,beta,0.7407070321560995,0.7407070321560992,300.0,0.7407070321560995
0.001,0.0,100,3,zero_atom,0.7407070321560995,0.7407070321560992,300.0,0.7407070321560995
0.001,0.0,100,3,one_atom,0.7407070321560995,0.7407070321560992,300.0,0.7407070321560995
0.001,0.0,300,1,beta,0.7407070321560995,0.7407070321560992,300.0,0.7407070321560995
0.001,0.0,300,1,zero_atom,0.7407070321560995,0.7407070321560992,300.0,0.7407070321560995
0.001,0.0,300,1,one_atom,0.7407070321560995,0.7407070321560992,300.0,0.7407070321560995
0.001,0.01,1,300,beta,0.7407070321560995,0.7407070321560992,300.0,0.7407070321560995
0.001,0.01,1,300,zero_atom,0.7407070321562405,0.7407070321560992,300.0,0.7407070321560995
0.001,0.01,1,300,one_atom,0.7407070321560995,0.7407070321560992,300.0,0.7407070321560995
0.001,0.01,2,150,beta,0.7418200346848598,0.7407070321560992,297.029702970297,0.7429115268651866
0.001,0.01,2,150,zero_atom,0.7418200346849628,0.7407070321560992,297.029702970297,0.7429115268651866
0.001,0.01,2,150,one_atom,0.7418200346848598,0.7407070321560992,297.029702970297,0.7429115268651866
0.001,0.01,5,60,beta,0.7450817197989567,0.7407070321560992,288.46153846153845,0.7493074751702907
0.001,0.01,5,60,zero_atom,0.7451288186351677,0.7407070321560992,288.46153846153845,0.7493074751702907
0.001,0.01,5,60,one_atom,0.742488638803858,0.7407070321560992,288.46153846153845,0.7493074751702907
0.001,0.01,10,30,beta,0.7502750031126442,0.7407070321560992,275.2293577981651,0.7592933625882452
0.001,0.01,10,30,zero_atom,0.7505431716617327,0.7407070321560992,275.2293577981651,0.7592933625882452
0.001,0.01,10,30,one_atom,0.7427116407310335,0.7407070321560992,275.2293577981651,0.7592933625882452
0.001,0.01,30,10,beta,0.768489717188246,0.7407070321560992,232.5581395348837,0.7924114645067392
0.001,0.01,30,10,zero_atom,0.7709691513497532,0.7407070321560992,232.5581395348837,0.7924114645067392
0.001,0.01,30,10,one_atom,0.7428603458908346,0.7407070321560992,232.5581395348837,0.7924114645067392
0.001,0.01,100,3,beta,0.81205124276105,0.7407070321560992,150.7537688442211,0.859994576613691
0.001,0.01,100,3,zero_atom,0.8283147244625626,0.7407070321560992,150.7537688442211,0.859994576613691
0.001,0.01,100,3,one_atom,0.742912399730481,0.7407070321560992,150.7537688442211,0.859994576613691
0.001,0.01,300,1,beta,0.8707463913723117,0.7407070321560992,75.18796992481202,0.9275342212161799
0.001,0.01,300,1,zero_atom,0.9123134608827869,0.7407070321560992,75.18796992481202,0.9275342212161799
0.001,0.01,300,1,one_atom,0.7429272729260368,0.7407070321560992,75.18796992481202,0.9275342212161799
0.001,0.1,1,300,beta,0.7407070321560995,0.7407070321560992,300.0,0.7407070321560995
0.001,0.1,1,300,zero_atom,0.7407070321561419,0.7407070321560992,300.0,0.7407070321560995
0.001,0.1,1,300,one_atom,0.7407070321560995,0.7407070321560992,300.0,0.7407070321560995
0.001,0.1,2,150,beta,0.7519121102635908,0.7407070321560992,272.7272727272727,0.7611965108340358
0.001,0.1,2,150,zero_atom,0.7519121102636243,0.7407070321560992,272.7272727272727,0.7611965108340358
0.001,0.1,2,150,one_atom,0.7519121102635908,0.7407070321560992,272.7272727272727,0.7611965108340358
0.001,0.1,5,60,beta,0.7790071399505131,0.7407070321560992,214.2857142857143,0.8070312170480927
0.001,0.1,5,60,zero_atom,0.7821027138659067,0.7407070321560992,214.2857142857143,0.8070312170480927
0.001,0.1,5,60,one_atom,0.7587163564309778,0.7407070321560992,214.2857142857143,0.8070312170480927
0.001,0.1,10,30,beta,0.810637008942704,0.7407070321560992,157.89473684210526,0.853872207020867
0.001,0.1,10,30,zero_atom,0.8225713169405677,0.7407070321560992,157.89473684210526,0.853872207020867
0.001,0.1,10,30,one_atom,0.7609980940464015,0.7407070321560992,157.89473684210526,0.853872207020867
0.001,0.1,30,10,beta,0.8728940201986198,0.7407070321560992,76.92307692307692,0.9259254416800508
0.001,0.1,30,10,zero_atom,0.9089316524026821,0.7407070321560992,76.92307692307692,0.9259254416800508
0.001,0.1,30,10,one_atom,0.7625230634172331,0.7407070321560992,76.92307692307692,0.9259254416800508
0.001,0.1,100,3,beta,0.9335523920768982,0.7407070321560992,27.522935779816514,0.9728389724534849
0.001,0.1,100,3,zero_atom,0.9705619906834171,0.7407070321560992,27.522935779816514,0.9728389724534849
0.001,0.1,100,3,one_atom,0.7630575243394252,0.7407070321560992,27.522935779816514,0.9728389724534849
0.001,0.1,300,1,beta,0.968192491266328,0.7407070321560992,9.70873786407767,0.9903334291143714
0.001,0.1,300,1,zero_atom,0.9900891972249756,0.7407070321560992,9.70873786407767,0.9903334291143714
0.001,0.1,300,1,one_atom,0.7632102962544215,0.7407070321560992,9.70873786407767,0.9903334291143714
0.001,0.5,1,300,beta,0.7407070321560995,0.7407070321560992,300.0,0.7407070321560995
0.001,0.5,1,300,zero_atom,0.7407070321561171,0.7407070321560992,300.0,0.7407070321560995
0.001,0.5,1,300,one_atom,0.7407070321560995,0.7407070321560992,300.0,0.7407070321560995
0.001,0.5,2,150,beta,0.7984413164287002,0.7407070321560992,200.0,0.8186488294786357
0.001,0.5,2,150,zero_atom,0.7984413164287111,0.7407070321560992,200.0,0.8186488294786357
0.001,0.5,2,150,one_atom,0.7984413164287002,0.7407070321560992,200.0,0.8186488294786357
0.001,0.5,5,60,beta,0.8719319195228328,0.7407070321560992,100.0,0.904792147113709
0.001,0.5,5,60,zero_atom,0.8902391595458661,0.7407070321560992,100.0,0.904792147113709
0.001,0.5,5,60,one_atom,0.8352200716297694,0.7407070321560992,100.0,0.904792147113709
0.001,0.5,10,30,beta,0.9158595038773809,0.7407070321560992,54.54545454545455,0.9468896244232846
0.001,0.5,10,30,zero_atom,0.9418192031466556,0.7407070321560992,54.54545454545455,0.9468896244232846
0.001,0.5,10,30,one_atom,0.8478523522505563,0.7407070321560992,54.54545454545455,0.9468896244232846
0.001,0.5,30,10,beta,0.9608298545843861,0.7407070321560992,19.35483870967742,0.9808217653848793
0.001,0.5,30,10,zero_atom,0.9801986667898298,0.7407070321560992,19.35483870967742,0.9808217653848793
0.001,0.5,30,10,one_atom,0.856379837877607,0.7407070321560992,19.35483870967742,0.9808217653848793
0.001,0.5,100,3,beta,0.9845559159418105,0.7407070321560992,5.9405940594059405,0.9940740617105045
0.001,0.5,100,3,zero_atom,0.9940179620658985,0.7407070321560992,5.9405940594059405,0.9940740617105045
0.001,0.5,100,3,one_atom,0.8593846763993898,0.7407070321560992,5.9405940594059405,0.9940740617105045
0.001,0.5,300,1,beta,0.9937362147252577,0.7407070321560992,1.9933554817275747,0.9980076345757632
0.001,0.5,300,1,zero_atom,0.9980019980019981,0.7407070321560992,1.9933554817275747,0.9980076345757632
0.001,0.5,300,1,one_atom,0.8602451365972174,0.7407070321560992,1.9933554817275747,0.9980076345757632
0.01,0.0,1,300,beta,0.049040894071285854,0.04904089407128572,300.0,0.049040894071285854
0.01,0.0,1,300,zero_atom,0.049040894071285854,0.04904089407128572,300.0,0.049040894071285854
0.01,0.0,1,300,one_atom,0.049040894071285854,0.04904089407128572,300.0,0.049040894071285854
0.01,0.0,2,150,beta,0.049040894071285854,0.04904089407128572,300.0,0.049040894071285854
0.01,0.0,2,150,zero_atom,0.049040894071285854,0.04904089407128572,300.0,0.049040894071285854
0.01,0.0,2,150,one_atom,0.049040894071285854,0.04904089407128572,300.0,0.049040894071285854
0.01,0.0,5,60,beta,0.049040894071285854,0.04904089407128572,300.0,0.049040894071285854
0.01,0.0,5,60,zero_atom,0.049040894071285854,0.04904089407128572,300.0,0.049040894071285854
0.01,0.0,5,60,one_atom,0.049040894071285854,0.04904089407128572,300.0,0.049040894071285854
0.01,0.0,10,30,beta,0.049040894071285854,0.04904089407128572,300.0,0.049040894071285854
0.01,0.0,10,30,zero_atom,0.049040894071285854,0.04904089407128572,300.0,0.049040894071285854
0.01,0.0,10,30,one_atom,0.049040894071285854,0.04904089407128572,300.0,0.049040894071285854
0.01,0.0,30,10,beta,0.049040894071285854,0.04904089407128572,300.0,0.049040894071285854
0.01,0.0,30,10,zero_atom,0.049040894071285854,0.04904089407128572,300.0,0.049040894071285854
0.01,0.0,30,10,one_atom,0.049040894071285854,0.04904089407128572,300.0,0.049040894071285854
0.01,0.0,100,3,beta,0.049040894071285854,0.04904089407128572,300.0,0.049040894071285854
0.01,0.0,100,3,zero_atom,0.049040894071285854,0.04904089407128572,300.0,0.049040894071285854
0.01,0.0,100,3,one_atom,0.049040894071285854,0.04904089407128572,300.0,0.049040894071285854
0.01,0.0,300,1,beta,0.049040894071285854,0.04904089407128572,300.0,0.049040894071285854
0.01,0.0,300,1,zero_atom,0.049040894071285854,0.04904089407128572,300.0,0.049040894071285854
0.01,0.0,300,1,one_atom,0.049040894071285854,0.04904089407128572,300.0,0.049040894071285854
0.01,0.01,1,300,beta,0.049040894071285854,0.04904089407128572,300.0,0.049040894071285854
0.01,0.01,1,300,zero_atom,0.049040894071297046,0.04904089407128572,300.0,0.049040894071285854
0.01,0.01,1,300,one_atom,0.049040894071285854,0.04904089407128572,300.0,0.049040894071285854
0.01,0.01,2,150,beta,0.0497895574810243,0.04904089407128572,297.029702970297,0.050526957496425384
0.01,0.01,2,150,zero_atom,0.04978955748102892,0.04904089407128572,297.029702970297,0.050526957496425384
0.01,0.01,2,150,one_atom,0.0497895574810243,0.04904089407128572,297.029702970297,0.050526957496425384
0.01,0.01,5,60,beta,0.05204294310312926,0.04904089407128572,288.46153846153845,0.05507081687872903
0.01,0.01,5,60,zero_atom,0.0521038670136097,0.04904089407128572,288.46153846153845,0.05507081687872903
0.01,0.01,5,60,one_atom,0.05024423042286384,0.04904089407128572,288.46153846153845,0.05507081687872903
0.01,0.01,10,30,beta,0.055820026452178956,0.04904089407128572,275.2293577981651,0.06290387681382391
0.01,0.01,10,30,zero_atom,0.056193987051523925,0.04904089407128572,275.2293577981651,0.06290387681382391
0.01,0.01,10,30,one_atom,0.05039670887705311,0.04904089407128572,275.2293577981651,0.06290387681382391
0.01,0.01,30,10,beta,0.0710904092435417,0.04904089407128572,232.5581395348837,0.09658929054904578
0.01,0.01,30,10,zero_atom,0.07562240706202412,0.04904089407128572,232.5581395348837,0.09658929054904578
0.01,0.01,30,10,one_atom,0.05049861816731013,0.04904089407128572,232.5581395348837,0.09658929054904578
0.01,0.01,100,3,beta,0.12384519159291311,0.04904089407128572,150.7537688442211,0.21978048898858576
0.01,0.01,100,3,zero_atom,0.1801839670440108,0.04904089407128572,150.7537688442211,0.21978048898858576
0.01,0.01,100,3,one_atom,0.05053433508281392,0.04904089407128572,150.7537688442211,0.21978048898858576
0.01,0.01,300,1,beta,0.24971586954779343,0.04904089407128572,75.18796992481202,0.4696984669307582
0.01,0.01,300,1,zero_atom,0.49869598456849856,0.04904089407128572,75.18796992481202,0.4696984669307582
0.01,0.01,300,1,one_atom,0.050544544555000175,0.04904089407128572,75.18796992481202,0.4696984669307582
0.01,0.1,1,300,beta,0.049040894071285854,0.04904089407128572,300.0,0.049040894071285854
0.01,0.1,1,300,zero_atom,0.04904089407129052,0.04904089407128572,300.0,0.049040894071285854
0.01,0.1,1,300,one_atom,0.049040894071285854,0.04904089407128572,300.0,0.049040894071285854
0.01,0.1,2,150,beta,0.05705942126328076,0.04904089407128572,272.7272727272727,0.0645057644846644
0.01,0.1,2,150,zero_atom,0.05705942126328027,0.04904089407128572,272.7272727272727,0.0645057644846644
0.01,0.1,2,150,one_atom,0.05705942126328076,0.04904089407128572,272.7272727272727,0.0645057644846644
0.01,0.1,5,60,beta,0.08151906587570512,0.04904089407128572,214.2857142857143,0.11606053190893345
0.01,0.1,5,60,zero_atom,0.08514761989818995,0.04904089407128572,214.2857142857143,0.11606053190893345
0.01,0.1,5,60,one_atom,0.062486867287058476,0.04904089407128572,214.2857142857143,0.11606053190893345
0.01,0.1,10,30,beta,0.12168383183675022,0.04904089407128572,157.89473684210526,0.20455975723566347
0.01,0.1,10,30,zero_atom,0.14281965084036155,0.04904089407128572,157.89473684210526,0.20455975723566347
0.01,0.1,10,30,one_atom,0.06440840566213023,0.04904089407128572,157.89473684210526,0.20455975723566347
0.01,0.1,30,10,beta,0.25595240790394896,0.04904089407128572,76.92307692307692,0.4615786772620545
0.01,0.1,30,10,zero_atom,0.3942946189571295,0.04904089407128572,76.92307692307692,0.4615786772620545
0.01,0.1,30,10,one_atom,0.06572214764342553,0.04904089407128572,76.92307692307692,0.4615786772620545
0.01,0.1,100,3,beta,0.5021928263198486,0.04904089407128572,27.522935779816514,0.758346595185425
0.01,0.1,100,3,zero_atom,0.7492510659296422,0.04904089407128572,27.522935779816514,0.758346595185425
0.01,0.1,100,3,one_atom,0.06618826025859555,0.04904089407128572,27.522935779816514,0.758346595185425
0.01,0.1,300,1,beta,0.7234949221196313,0.04904089407128572,9.70873786407767,0.907033335238383
0.01,0.1,300,1,zero_atom,0.9082568807339451,0.04904089407128572,9.70873786407767,0.907033335238383
0.01,0.1,300,1,one_atom,0.06632204144783366,0.04904089407128572,9.70873786407767,0.907033335238383
0.01,0.5,1,300,beta,0.049040894071285854,0.04904089407128572,300.0,0.049040894071285854
0.01,0.5,1,300,zero_atom,0.04904089407128562,0.04904089407128572,300.0,0.049040894071285854
0.01,0.5,1,300,one_atom,0.049040894071285854,0.04904089407128572,300.0,0.049040894071285854
0.01,0.5,2,150,beta,0.10440980904715415,0.04904089407128572,200.0,0.13397967485796192
0.01,0.5,2,150,zero_atom,0.10440980904715406,0.04904089407128572,200.0,0.13397967485796192
0.01,0.5,2,150,one_atom,0.10440980904715415,0.04904089407128572,200.0,0.13397967485796192
0.01,0.5,5,60,beta,0.2529876236372212,0.04904089407128572,100.0,0.3660323412732295
0.01,0.5,5,60,zero_atom,0.3122258542860891,0.04904089407128572,100.0,0.3660323412732295
0.01,0.5,5,60,one_atom,0.16430510407162713,0.04904089407128572,100.0,0.3660323412732295
0.01,0.5,10,30,beta,0.41435707168891883,0.04904089407128572,54.54545454545455,0.5779891758063672
0.01,0.5,10,30,zero_atom,0.5490944885650915,0.04904089407128572,54.54545454545455,0.5779891758063672
0.01,0.5,10,30,one_atom,0.19111185999080463,0.04904089407128572,54.54545454545455,0.5779891758063672
0.01,0.5,30,10,beta,0.6701130694362668,0.04904089407128572,19.35483870967742,0.8232275488816313
0.01,0.5,30,10,zero_atom,0.8187252946775851,0.04904089407128572,19.35483870967742,0.8232275488816313
0.01,0.5,30,10,one_atom,0.21137098061587903,0.04904089407128572,19.35483870967742,0.8232275488816313
0.01,0.5,100,3,beta,0.8556723170607657,0.04904089407128572,5.9405940594059405,0.9420424276363826
0.01,0.5,100,3,zero_atom,0.9417626499440453,0.04904089407128572,5.9405940594059405,0.9420424276363826
0.01,0.5,100,3,one_atom,0.21895787283507478,0.04904089407128572,5.9405940594059405,0.9420424276363826
0.01,0.5,300,1,beta,0.9390288063760559,0.04904089407128572,1.9933554817275747,0.9801654529108188
0.01,0.5,300,1,zero_atom,0.9801980198019802,0.04904089407128572,1.9933554817275747,0.9801654529108188
0.01,0.5,300,1,one_atom,0.22117515361039178,0.04904089407128572,1.9933554817275747,0.9801654529108188
0.05,0.0,1,300,beta,2.0753033477680817e-07,2.075303347768056e-07,300.0,2.0753033477680817e-07
0.05,0.0,1,300,zero_atom,2.0753033477680817e-07,2.075303347768056e-07,300.0,2.0753033477680817e-07
0.05,0.0,1,300,one_atom,2.0753033477680817e-07,2.075303347768056e-07,300.0,2.0753033477680817e-07
0.05,0.0,2,150,beta,2.0753033477680817e-07,2.075303347768056e-07,300.0,2.0753033477680817e-07
0.05,0.0,2,150,zero_atom,2.0753033477680817e-07,2.075303347768056e-07,300.0,2.0753033477680817e-07
0.05,0.0,2,150,one_atom,2.0753033477680817e-07,2.075303347768056e-07,300.0,2.0753033477680817e-07
0.05,0.0,5,60,beta,2.0753033477680817e-07,2.075303347768056e-07,300.0,2.0753033477680817e-07
0.05,0.0,5,60,zero_atom,2.0753033477680817e-07,2.075303347768056e-07,300.0,2.0753033477680817e-07
0.05,0.0,5,60,one_atom,2.0753033477680817e-07,2.075303347768056e-07,300.0,2.0753033477680817e-07
0.05,0.0,10,30,beta,2.0753033477680817e-07,2.075303347768056e-07,300.0,2.0753033477680817e-07
0.05,0.0,10,30,zero_atom,2.0753033477680817e-07,2.075303347768056e-07,300.0,2.0753033477680817e-07
0.05,0.0,10,30,one_atom,2.0753033477680817e-07,2.075303347768056e-07,300.0,2.0753033477680817e-07
0.05,0.0,30,10,beta,2.0753033477680817e-07,2.075303347768056e-07,300.0,2.0753033477680817e-07
0.05,0.0,30,10,zero_atom,2.0753033477680817e-07,2.075303347768056e-07,300.0,2.0753033477680817e-07
0.05,0.0,30,10,one_atom,2.0753033477680817e-07,2.075303347768056e-07,300.0,2.0753033477680817e-07
0.05,0.0,100,3,beta,2.0753033477680817e-07,2.075303347768056e-07,300.0,2.0753033477680817e-07
0.05,0.0,100,3,zero_atom,2.0753033477680817e-07,2.075303347768056e-07,300.0,2.0753033477680817e-07
0.05,0.0,100,3,one_atom,2.0753033477680817e-07,2.075303347768056e-07,300.0,2.0753033477680817e-07
0.05,0.0,300,1,beta,2.0753033477680817e-07,2.075303347768056e-07,300.0,2.0753033477680817e-07
0.05,0.0,300,1,zero_atom,2.0753033477680817e-07,2.075303347768056e-07,300.0,2.0753033477680817e-07
0.05,0.0,300,1,one_atom,2.0753033477680817e-07,2.075303347768056e-07,300.0,2.0753033477680817e-07
0.05,0.01,1,300,beta,2.0753033477680817e-07,2.075303347768056e-07,300.0,2.0753033477680817e-07
0.05,0.01,1,300,zero_atom,2.0753033477680486e-07,2.075303347768056e-07,300.0,2.0753033477680817e-07
0.05,0.01,1,300,one_atom,2.0753033477680817e-07,2.075303347768056e-07,300.0,2.0753033477680817e-07
0.05,0.01,2,150,beta,2.245737409576085e-07,2.075303347768056e-07,297.029702970297,2.4168466533082456e-07
0.05,0.01,2,150,zero_atom,2.2457374095762805e-07,2.075303347768056e-07,297.029702970297,2.4168466533082456e-07
0.05,0.01,2,150,one_atom,2.245737409576085e-07,2.075303347768056e-07,297.029702970297,2.4168466533082456e-07
0.05,0.01,5,60,beta,2.8277941388728754e-07,2.075303347768056e-07,288.46153846153845,3.750739569853555e-07
0.05,0.01,5,60,zero_atom,2.8829993783581605e-07,2.075303347768056e-07,288.46153846153845,3.750739569853555e-07
0.05,0.01,5,60,one_atom,2.3546448159204728e-07,2.075303347768056e-07,288.46153846153845,3.750739569853555e-07
0.05,0.01,10,30,beta,4.0710802820495793e-07,2.075303347768056e-07,275.2293577981651,7.394046706611959e-07
0.05,0.01,10,30,zero_atom,4.568658881482957e-07,2.075303347768056e-07,275.2293577981651,7.394046706611959e-07
0.05,0.01,10,30,one_atom,2.3921085484497504e-07,2.075303347768056e-07,275.2293577981651,7.394046706611959e-07
0.05,0.01,30,10,beta,1.4271144794179665e-06,2.075303347768056e-07,232.5581395348837,6.598467628535752e-06
0.05,0.01,30,10,zero_atom,4.676289074632037e-06,2.075303347768056e-07,232.5581395348837,6.598467628535752e-06
0.05,0.01,30,10,one_atom,2.4174149373545426e-07,2.075303347768056e-07,232.5581395348837,6.598467628535752e-06
0.05,0.01,100,3,beta,2.4949461998679443e-05,2.075303347768056e-07,150.7537688442211,0.00043827786867921595
0.05,0.01,100,3,zero_atom,0.004211106835712513,2.075303347768056e-07,150.7537688442211,0.00043827786867921595
0.05,0.01,100,3,one_atom,2.42633527777983e-07,2.075303347768056e-07,150.7537688442211,0.00043827786867921595
0.05,0.01,300,1,beta,0.0008992088091933668,2.075303347768056e-07,75.18796992481202,0.021138935052486273
0.05,0.01,300,1,zero_atom,0.15966387409871713,2.075303347768056e-07,75.18796992481202,0.021138935052486273
0.05,0.01,300,1,one_atom,2.4288899870293675e-07,2.075303347768056e-07,75.18796992481202,0.021138935052486273
0.05,0.1,1,300,beta,2.0753033477680817e-07,2.075303347768056e-07,300.0,2.0753033477680817e-07
0.05,0.1,1,300,zero_atom,2.075303347768185e-07,2.075303347768056e-07,300.0,2.0753033477680817e-07
0.05,0.1,1,300,one_atom,2.0753033477680817e-07,2.075303347768056e-07,300.0,2.0753033477680817e-07
0.05,0.1,2,150,beta,4.5608577897132634e-07,2.075303347768056e-07,272.7272727272727,8.406585303774921e-07
0.05,0.1,2,150,zero_atom,4.5608577897131903e-07,2.075303347768056e-07,272.7272727272727,8.406585303774921e-07
0.05,0.1,2,150,one_atom,4.5608577897132634e-07,2.075303347768056e-07,272.7272727272727,8.406585303774921e-07
0.05,0.1,5,60,beta,2.8924894416044427e-06,2.075303347768056e-07,214.2857142857143,1.6845614099072377e-05
0.05,0.1,5,60,zero_atom,3.950927199907455e-06,2.075303347768056e-07,214.2857142857143,1.6845614099072377e-05
0.05,0.1,5,60,one_atom,7.315188092249242e-07,2.075303347768056e-07,214.2857142857143,1.6845614099072377e-05
0.05,0.1,10,30,beta,2.2753530853399952e-05,2.075303347768056e-07,157.89473684210526,0.0003038606897209673
0.05,0.1,10,30,zero_atom,7.061807521120079e-05,2.075303347768056e-07,157.89473684210526,0.0003038606897209673
0.05,0.1,10,30,one_atom,8.562852956637949e-07,2.075303347768056e-07,157.89473684210526,0.0003038606897209673
0.05,0.1,30,10,beta,0.001017980521716608,2.075303347768056e-07,76.92307692307692,0.019338873654672187
0.05,0.1,30,10,zero_atom,0.015286358314610478,2.075303347768056e-07,76.92307692307692,0.019338873654672187
0.05,0.1,30,10,one_atom,9.510729113216219e-07,2.075303347768056e-07,76.92307692307692,0.019338873654672187
0.05,0.1,100,3,beta,0.031092520924032595,2.075303347768056e-07,27.522935779816514,0.2437183442299662
0.05,0.1,100,3,zero_atom,0.28123341273111996,2.075303347768056e-07,27.522935779816514,0.2437183442299662
0.05,0.1,100,3,one_atom,9.866705740874667e-07,2.075303347768056e-07,27.522935779816514,0.2437183442299662
0.05,0.1,300,1,beta,0.19636673208783595,2.075303347768056e-07,9.70873786407767,0.6077490983380344
0.05,0.1,300,1,zero_atom,0.6551724137931035,2.075303347768056e-07,9.70873786407767,0.6077490983380344
0.05,0.1,300,1,one_atom,9.97083911725341e-07,2.075303347768056e-07,9.70873786407767,0.6077490983380344
0.05,0.5,1,300,beta,2.0753033477680817e-07,2.075303347768056e-07,300.0,2.0753033477680817e-07
0.05,0.5,1,300,zero_atom,2.0753033477680486e-07,2.075303347768056e-07,300.0,2.0753033477680817e-07
0.05,0.5,1,300,one_atom,2.0753033477680817e-07,2.075303347768056e-07,300.0,2.0753033477680817e-07
0.05,0.5,2,150,beta,1.0214877154317466e-05,2.075303347768056e-07,200.0,3.5052666248828984e-05
0.05,0.5,2,150,zero_atom,1.0214877154317412e-05,2.075303347768056e-07,200.0,3.5052666248828984e-05
0.05,0.5,2,150,one_atom,1.0214877154317466e-05,2.075303347768056e-07,200.0,3.5052666248828984e-05
0.05,0.5,5,60,beta,0.0009464046566639192,2.075303347768056e-07,100.0,0.005920529220334023
0.05,0.5,5,60,zero_atom,0.0028727611922827927,2.075303347768056e-07,100.0,0.005920529220334023
0.05,0.5,5,60,one_atom,0.00010580935938223552,2.075303347768056e-07,100.0,0.005920529220334023
0.05,0.5,10,30,beta,0.01164220602567941,2.075303347768056e-07,54.54545454545455,0.0609430134308589
0.05,0.5,10,30,zero_atom,0.049754350114557304,2.075303347768056e-07,54.54545454545455,0.0609430134308589
0.05,0.5,10,30,one_atom,0.00023065049833731493,2.075303347768056e-07,54.54545454545455,0.0609430134308589
0.05,0.5,30,10,beta,0.13289928916193014,2.075303347768056e-07,19.35483870967742,0.37054757321141973
0.05,0.5,30,10,zero_atom,0.3675725424602132,2.075303347768056e-07,19.35483870967742,0.37054757321141973
0.05,0.5,30,10,one_atom,0.0003877703560863265,2.075303347768056e-07,19.35483870967742,0.37054757321141973
0.05,0.5,100,3,beta,0.4563964933480144,2.075303347768056e-07,5.9405940594059405,0.7373352246562045
0.05,0.5,100,3,zero_atom,0.7406327610409243,2.075303347768056e-07,5.9405940594059405,0.7373352246562045
0.05,0.5,100,3,one_atom,0.0004650950082189385,2.075303347768056e-07,5.9405940594059405,0.7373352246562045
0.05,0.5,300,1,beta,0.7288866499883946,2.075303347768056e-07,1.9933554817275747,0.9028076417788489
0.05,0.5,300,1,zero_atom,0.9047619047619048,2.075303347768056e-07,1.9933554817275747,0.9028076417788489
0.05,0.5,300,1,one_atom,0.0004898957808178713,2.075303347768056e-07,1.9933554817275747,0.9028076417788489
