incident_id,date
1,2015-05-19
2,2018-12-05
3,2018-10-27
4,2018-03-18
5,2015-07-13
6,2016-03-24
7,2017-02-24
8,2014-08-15
9,2012-02-25
10,2014-08-14
11,2016-05-23
12,2016-07-21
13,2017-02-27
14,2017-10-26
15,2008-05-23
16,2015-06-03
17,2015-11-03
18,2015-04-04
19,2013-01-23
20,2016-06-30
21,2016-07-14
22,2017-12-06
23,2017-11-08
24,2014-07-15
25,2015-06-23
26,2017-09-13
27,1983-09-26
28,2010-05-08
29,2011-09-20
30,2016-10-08
31,2017-12-03
32,2017-09-13
33,2017-11-09
34,2015-12-05
35,2014-10-18
36,2018-11-06
37,2016-08-10
38,2016-06-02
39,2017-07-01
40,2016-05-23
41,2018-04-02
42,1996-04-03
43,1998-03-05
44,2008-07-01
45,2011-04-05
46,2014-01-21
47,2016-09-06
48,2016-12-07
49,2016-09-05
50,2016-06-17
51,2016-07-12
52,2016-07-01
53,2016-03-31
54,2015-11-18
55,2016-12-30
56,2017-07-10
57,2015-07-01
58,2017-10-12
59,2017-04-13
60,2017-04-25
61,2017-05-01
62,2017-12-23
63,2018-01-25
64,2018-01-22
65,2016-12-22
66,2017-08-02
67,2018-12-01
68,2017-07-17
69,2015-07-02
70,2016-02-10
71,2016-09-26
72,2017-10-17
73,2016-03-01
74,2020-01-30
75,2012-01-05
76,2020-10-09
77,2019-10-04
78,2020-07-06
79,1999-03-16
80,2020-10-24
81,2020-10-21
82,2020-10-21
83,2020-10-22
84,2020-10-09
85,2020-10-09
86,2020-10-08
87,2020-10-07
88,2017-08-15
89,2019-03-15
91,2020-12-18
92,2019-11-11
93,2018-08-13
94,2020-11-27
95,2019-11-06
96,2017-05-08
97,2020-10-22
98,2021-04-28
99,2012-01-01
100,2021-03-17
101,2018-09-01
102,2020-03-23
103,2020-09-18
104,2021-02-12
105,2019-08-24
106,2020-12-23
107,2018-07-20
108,2021-07-10
109,2017-01-01
110,2016-01-01
111,2015-09-25
112,2012-10-09
113,2020-06-27
114,2018-07-26
115,2020-07-28
116,2021-09-20
117,2020-02-24
118,2020-08-06
119,2021-08-03
120,2020-09-01
121,2020-03-27
122,2015-06-14
123,2021-08-01
124,2019-10-24
125,2020-09-29
126,2021-07-16
127,2020-06-06
128,2017-08-01
129,2021-03-01
131,2020-12-04
132,2020-12-27
133,2020-12-15
134,2020-12-25
135,2012-12-01
136,2020-12-06
137,2021-01-11
138,2020-01-21
139,2021-01-21
140,2020-06-01
141,2021-02-05
142,2021-02-11
143,2021-02-16
144,2020-06-28
145,2021-07-23
146,2021-10-22
147,2020-01-15
148,2021-11-21
149,2021-11-02
150,2018-07-21
151,2021-10-28
152,2021-07-13
153,2019-12-29
154,2022-01-26
155,2021-12-27
156,2022-02-04
157,2021-03-15
158,2021-02-01
159,2019-03-29
160,2021-12-26
161,2019-04-03
162,2014-01-01
163,2021-11-21
164,2018-10-01
165,2020-06-20
166,2020-02-07
167,2017-09-07
168,2022-03-01
169,2018-08-15
170,2003-06-01
171,2021-10-18
172,2020-07-01
173,2021-07-30
174,2022-02-28
175,2022-04-01
176,2022-03-02
177,2022-04-19
178,2022-04-21
179,2022-04-01
180,2020-02-19
181,2022-02-11
182,2018-06-11
183,2017-07-01
184,2018-04-12
185,2022-03-01
186,2007-07-26
187,2022-02-04
188,2018-04-11
189,2019-10-15
190,2017-01-15
191,2020-10-06
192,2022-03-17
193,2013-11-27
194,2018-02-01
195,2015-09-01
196,2013-09-01
197,2021-10-01
198,2022-03-16
199,2019-04-01
200,2019-03-01
201,2020-04-14
202,2021-12-06
203,2022-02-10
204,2022-02-11
205,2022-02-25
206,2015-03-01
207,2021-01-10
208,2021-05-01
209,2020-10-20
210,2020-04-28
211,2021-12-11
212,2021-01-01
213,2020-07-01
214,2020-01-02
215,2020-04-01
216,2017-10-10
217,2016-11-16
218,2020-06-01
219,2020-11-15
220,2020-11-11
221,2022-03-07
222,2020-07-18
223,2019-10-09
224,2020-07-01
225,2017-04-07
226,2015-04-01
227,2018-01-12
228,2019-02-01
229,2018-04-23
230,2019-03-01
231,2016-01-20
232,2018-04-29
233,2018-12-03
234,2019-09-06
235,2016-04-15
236,2022-04-13
238,2018-10-01
239,2009-09-01
240,2021-06-29
241,2022-07-21
242,2021-02-24
243,2020-01-01
244,2020-08-03
245,2009-03-30
246,2014-04-16
248,2018-11-23
249,2016-10-01
250,2016-02-01
251,2018-08-01
252,2022-06-01
253,2022-05-18
254,2015-05-01
255,2020-05-31
256,2021-11-07
257,2012-05-04
258,2022-05-13
259,2022-06-03
260,2014-08-26
261,2017-11-15
262,2022-06-11
263,2015-09-01
264,2022-03-01
265,2021-04-01
266,2022-01-15
267,2017-06-15
268,2020-03-16
270,2011-04-18
271,2022-07-24
272,2019-10-08
273,2020-12-24
274,2003-07-01
275,2020-06-11
276,2022-01-01
277,2022-01-14
278,2022-08-07
279,2019-07-01
280,2013-07-30
281,2019-02-04
282,2020-10-03
283,2018-07-02
284,2018-05-01
285,2022-07-18
286,2021-02-26
287,2020-10-27
288,2019-01-30
289,2020-06-15
290,2022-06-03
291,2021-05-28
292,2021-09-01
293,2022-06-03
294,2018-05-26
295,2018-11-08
296,2016-02-10
297,2020-02-20
298,2021-10-21
299,2020-12-15
300,2022-01-15
301,2022-02-15
302,2021-03-15
303,2022-08-21
304,2021-11-03
305,2019-02-01
306,2016-05-26
307,2017-11-01
308,2017-07-03
309,2017-08-26
310,2017-06-03
311,2020-05-02
312,2021-08-15
313,2022-08-25
314,2022-08-17
315,2016-04-09
316,2016-06-02
317,2020-03-17
318,2021-01-13
319,2019-12-29
320,2018-01-22
321,2018-03-23
322,2019-12-07
323,2018-05-29
324,2019-11-12
325,2017-09-21
326,2014-12-09
327,2015-03-24
328,2020-06-13
329,2017-09-18
330,2016-12-15
331,2020-08-05
332,2016-04-05
333,2021-03-17
334,2014-10-01
335,2015-03-01
336,2015-03-01
337,2021-04-17
339,2022-09-15
340,2017-02-01
341,2017-04-06
343,2021-07-11
344,2021-07-01
345,2021-04-13
346,2016-06-15
347,2021-05-06
348,2020-11-01
349,2022-03-22
350,2022-09-13
351,2022-09-13
352,2022-09-15
353,2019-03-01
354,2020-06-20
355,2018-07-07
356,2020-09-15
357,2019-02-14
358,2018-06-01
359,2021-05-23
360,2021-10-15
361,2018-05-11
362,2021-07-20
363,2021-01-15
364,2020-04-15
366,2020-09-20
367,2020-06-17
368,2016-06-01
369,2022-08-29
370,2017-09-27
371,2019-11-29
372,2022-07-22
373,2013-10-01
374,2020-08-13
375,2019-09-29
376,2016-09-01
377,2022-10-11
378,2022-04-06
379,1992-05-25
380,2014-03-04
381,2020-10-29
382,2017-11-21
383,2022-10-04
384,2022-10-03
385,2022-10-04
386,2019-07-03
387,2014-12-22
388,2018-12-01
389,2022-04-05
390,2022-06-28
391,2022-07-26
392,2015-06-01
393,2021-12-08
394,2017-03-15
395,2021-03-02
396,2018-07-04
397,2022-09-11
398,2022-08-15
399,2022-11-15
400,2022-02-23
401,2021-06-03
402,2021-04-01
403,2018-01-15
404,2019-06-25
405,2018-11-28
406,2015-07-15
407,2016-02-03
408,2017-04-15
409,2013-09-13
410,2022-11-09
411,2022-11-27
412,2020-01-15
413,2022-11-30
414,2020-01-18
415,2020-07-28
416,2022-12-01
417,2019-11-15
418,2017-03-13
419,2022-12-01
420,2022-11-30
421,2022-11-20
422,2022-11-22
423,2022-11-22
424,2020-03-09
425,2021-06-12
426,2022-09-23
427,2022-03-15
428,2017-05-19
429,2016-04-01
430,2022-12-19
431,2022-04-20
432,2022-12-21
433,2012-08-01
434,2022-11-24
435,2021-07-04
436,2022-12-28
437,2016-12-31
438,2021-09-17
439,2019-07-31
440,2022-11-25
441,2019-06-01
443,2022-12-21
444,2003-03-22
445,2003-04-02
446,2023-01-01
447,2022-12-19
448,2022-12-28
449,2022-12-01
450,2021-11-01
451,2022-10-16
452,2023-01-11
453,2023-01-03
454,2018-11-09
455,2022-11-11
456,2021-05-18
457,2022-11-11
458,2015-08-01
459,2023-01-21
460,2022-06-12
461,2008-07-18
462,2023-02-06
463,2022-11-15
464,2022-11-30
465,2022-03-03
466,2023-01-03
467,2023-02-07
468,2023-02-07
469,2006-02-25
470,2023-02-08
471,2019-06-22
472,2016-10-08
473,2023-02-08
474,2023-02-03
475,2021-06-02
476,2015-11-13
477,2023-02-14
478,2016-09-09
479,2023-02-03
480,2023-01-30
481,2023-02-12
482,2023-02-16
483,2023-02-02
484,2023-01-18
485,2023-02-22
486,2022-12-01
487,2023-02-15
488,2023-02-10
489,2019-06-03
490,2023-02-20
491,2023-02-02
492,2023-01-11
493,2023-02-28
494,2023-03-05
495,2023-02-12
496,2017-03-01
497,2023-03-03
498,2023-03-15
499,2023-03-21
500,2023-02-10
501,2019-06-03
502,2017-04-10
503,2023-02-14
504,2023-02-08
505,2023-03-27
506,2023-03-29
507,2023-03-15
508,2023-01-30
509,2023-03-23
510,2023-03-24
511,2023-02-12
513,2023-03-31
514,2023-01-20
515,2022-11-25
516,2023-03-20
517,2018-02-15
518,2017-04-28
519,2022-04-03
520,2022-05-08
521,2020-06-10
522,2019-07-10
523,2023-03-15
524,2023-02-12
525,2019-07-06
526,2023-04-17
527,2014-05-08
528,2023-04-08
529,2022-08-22
530,2019-07-11
531,2017-09-15
532,2020-06-20
533,2021-06-02
534,2021-04-29
535,2020-01-01
536,2012-12-10
537,2023-01-20
538,2023-05-15
539,2023-03-11
540,2023-05-15
541,2023-05-04
543,2023-05-22
544,2023-05-11
545,2023-05-29
546,2019-05-31
547,2023-06-05
548,2023-05-24
549,2023-01-05
550,2023-03-17
551,2023-04-01
552,2023-06-22
553,2023-05-03
554,2023-05-21
555,2018-06-11
556,2018-05-10
557,2020-06-24
558,2020-08-07
559,2023-06-30
560,2023-06-23
561,2019-03-11
562,2022-11-30
563,2023-08-14
564,2023-08-30
565,2023-08-08
566,2023-09-19
567,2023-08-27
568,2023-06-01
569,2021-12-25
570,2023-10-04
571,2023-06-22
572,2023-07-24
573,2023-10-07
574,2023-07-05
575,2023-06-28
576,2023-10-24
577,2023-06-30
578,2023-06-26
579,2023-07-03
580,2023-06-12
581,2023-06-24
582,2023-06-01
583,2023-06-07
584,2023-05-18
585,2023-10-26
586,2023-05-22
587,2023-05-22
588,2023-05-12
589,2023-05-01
590,2023-02-03
591,2023-07-24
592,2023-02-16
593,2023-07-21
594,2023-08-10
595,2023-08-11
596,2023-10-17
597,2023-10-20
598,2022-11-25
599,2023-11-08
600,2023-04-01
601,2023-10-08
602,2023-10-02
603,2021-07-02
604,2023-04-14
605,2021-08-01
606,2023-10-02
607,2023-11-09
608,2023-02-28
609,2023-08-16
610,2023-09-17
611,2021-12-06
612,2023-10-31
613,2023-11-23
614,2023-11-02
615,2023-06-13
616,2023-11-27
617,2023-11-09
618,2023-12-14
619,2023-12-20
620,2021-11-10
621,2023-11-10
622,2023-12-18
623,2023-12-12
624,2023-12-20
625,2024-01-12
626,2023-12-26
627,2024-01-09
628,2024-01-21
629,2023-07-11
630,2022-01-22
631,2024-01-18
632,2024-01-24
633,2024-01-28
634,2024-02-02
635,2024-01-30
636,2024-02-14
637,2024-01-31
638,2022-05-16
639,2022-11-11
640,2023-12-11
641,2024-02-20
642,2024-02-20
643,2024-02-13
644,2024-02-18
645,2024-02-21
646,2024-02-22
647,2024-02-06
648,2024-02-07
649,2024-02-14
650,2024-03-04
651,2023-12-06
652,2023-12-06
653,2019-01-01
654,2024-03-06
655,2024-01-11
656,2024-03-23
657,2024-01-30
658,2024-03-22
659,2023-10-07
660,2024-03-21
661,2024-03-26
662,2024-04-02
663,2024-04-05
664,2024-02-17
665,2024-04-02
666,2023-12-29
667,2023-12-16
668,2023-12-27
669,2024-02-11
670,2024-01-23
671,2024-02-08
672,2024-04-03
673,2024-02-19
674,2024-03-14
675,2024-01-15
676,2024-04-24
677,2024-04-29
678,2024-04-29
679,2023-02-20
680,2024-03-01
681,2023-07-17
682,2024-02-01
683,2024-03-28
684,2024-04-04
685,2024-04-24
686,2024-04-03
687,2024-04-08
688,2024-05-20
689,2024-03-26
690,2024-03-26
691,2024-05-25
692,2024-02-01
693,2024-05-14
694,2023-04-25
695,2023-05-24
696,2024-02-14
697,2023-06-23
698,2023-09-02
699,2024-05-23
700,2024-05-20
701,2024-05-29
702,2024-05-31
703,2024-01-13
704,2024-05-23
705,2024-06-08
706,2024-04-01
707,2024-06-13
708,2024-05-26
709,2023-05-28
710,2024-04-15
711,2024-04-26
712,2024-04-26
713,2023-02-27
714,2024-03-29
715,2024-03-01
716,2021-04-21
717,2024-03-01
718,2024-04-06
719,2024-04-04
720,2023-02-27
721,2024-06-04
722,2024-04-25
723,2024-05-13
724,2024-06-12
725,2024-03-14
726,2023-10-02
727,2024-04-01
728,2024-05-16
729,2024-05-14
730,2024-04-01
731,2023-12-01
732,2024-02-12
733,2024-06-09
734,2024-06-18
735,2024-06-22
736,2023-12-01
737,2024-04-16
738,2024-06-23
739,2024-06-27
740,2024-07-10
741,2023-10-02
742,2024-07-13
743,2024-07-16
744,2024-06-25
745,2024-07-02
746,2024-05-15
747,2024-07-18
748,2024-06-19
749,2024-05-31
750,2024-07-22
751,2024-07-25
752,2024-07-07
753,2024-06-06
754,2024-07-01
755,2024-07-03
756,2024-07-26
757,2024-07-01
758,2023-09-11
759,2021-02-05
760,2024-07-21
761,2024-08-08
762,2024-08-14
763,2024-08-13
764,2024-06-26
765,2024-03-14
766,2024-08-18
767,2024-08-18
768,2023-03-11
769,2018-04-20
770,2024-08-16
771,2020-02-06
772,2020-06-08
773,2024-08-20
774,2024-05-30
775,2024-09-02
776,2024-08-21
777,2024-08-28
778,2024-09-04
779,2024-09-04
780,2024-08-23
781,2024-09-03
782,2024-09-09
783,2024-05-21
784,2024-04-23
785,2024-09-08
786,2022-09-07
787,2024-03-01
788,2024-06-20
789,2024-06-12
790,2024-06-21
791,2024-09-09
792,2024-04-19
793,2024-07-01
794,2024-08-13
795,2024-08-14
796,2024-06-01
797,2024-06-07
798,2024-06-29
799,2023-10-15
800,2024-09-03
801,2024-09-02
802,2024-09-13
803,2024-05-14
804,2024-07-30
805,2024-09-19
806,2024-09-13
807,2024-09-25
808,2024-10-11
809,2024-04-07
810,2024-07-29
811,2024-10-02
812,2023-12-11
813,2024-09-19
814,2024-10-02
815,2024-10-06
816,2019-11-29
817,2024-09-24
818,2024-09-28
819,2024-10-09
820,2024-10-15
821,2024-07-07
822,2024-10-15
823,2024-05-03
824,2024-10-16
825,2024-10-08
826,2024-02-28
827,2024-10-26
828,2024-10-13
829,2024-02-05
830,2024-04-07
831,2024-10-23
832,2024-04-06
833,2024-10-21
834,2024-07-04
835,2024-08-06
836,2024-07-23
837,2024-11-02
838,2024-04-25
839,2024-10-07
840,2024-09-18
841,2024-10-01
842,2024-05-24
843,2024-11-20
844,2022-05-25
845,2024-11-13
846,2021-10-06
847,2024-04-14
848,2024-10-18
849,2024-10-18
850,2024-10-24
851,2024-10-25
852,2024-11-01
853,2024-02-03
854,2024-09-30
855,2024-11-30
856,2024-09-15
857,2024-11-25
858,2024-09-19
859,2024-10-30
860,2023-10-31
861,2024-12-13
862,2024-11-03
863,2024-12-12
864,2024-08-23
865,2024-10-02
866,2024-02-01
867,2024-10-31
868,2024-10-14
869,2024-11-04
870,2024-12-06
871,2024-12-13
872,2024-12-16
873,2024-12-10
874,2024-12-11
875,2024-01-08
876,2024-11-24
877,2024-12-16
878,2024-12-19
879,2023-12-29
880,2024-12-09
881,2024-12-27
882,2024-12-29
883,2024-12-26
884,2024-12-31
885,2025-01-03
886,2024-12-27
887,2024-11-14
888,2025-01-06
889,2025-01-07
890,2025-01-08
891,2025-01-08
892,2024-08-05
893,2025-01-09
894,2017-01-01
895,2025-01-06
896,2025-01-13
897,2025-01-10
898,2024-05-06
899,2024-12-17
900,2024-11-13
901,2025-01-12
902,2025-01-15
903,2022-04-15
904,2022-10-21
905,2024-07-01
906,2024-10-08
907,2024-07-15
908,2020-07-15
909,2024-12-13
910,2025-01-15
911,2022-05-01
912,2024-11-21
913,2025-01-27
914,2024-12-26
915,2024-10-28
916,2025-01-23
917,2025-02-05
918,2025-02-04
919,2024-02-06
920,2025-02-01
921,2025-01-05
922,2025-02-04
923,2025-02-08
924,2025-01-30
925,2024-10-15
926,2020-01-01
927,2025-02-04
928,2024-12-12
929,2024-12-06
930,2025-02-12
931,2025-01-21
932,2024-12-25
933,2025-02-15
934,2025-02-10
935,2025-02-17
936,2024-04-12
937,2025-02-10
938,2025-02-01
939,2025-02-21
940,2025-02-17
941,2025-02-17
942,2025-02-20
943,2025-02-20
944,2025-02-20
945,2025-02-19
946,2022-01-01
947,2024-09-25
948,2025-02-23
949,2025-02-24
950,2024-07-11
951,2025-02-24
952,2025-02-25
953,2024-11-01
954,2025-02-04
955,2024-12-19
956,2025-02-28
957,2025-02-28
958,2025-02-26
959,2025-03-02
960,2025-02-06
961,2024-12-16
962,2025-03-05
963,2025-03-05
964,2025-03-04
965,2025-03-04
966,2024-07-16
967,2025-03-06
968,2022-02-24
969,2024-09-02
970,2025-03-04
971,2023-05-02
972,2024-09-25
973,2025-03-05
974,2025-03-04
975,2025-03-05
976,2025-03-08
977,2025-03-02
978,2025-03-09
979,2025-03-05
980,2025-03-07
981,2025-03-05
982,2025-03-13
983,2024-05-10
984,2025-03-07
985,2023-12-29
986,2024-06-02
987,2023-12-11
988,2024-06-21
989,2025-03-05
990,2024-11-19
991,2025-03-14
992,2023-04-15
993,2025-03-12
994,2025-03-18
995,2023-12-27
996,2020-10-25
997,2023-02-28
998,2024-08-15
999,2025-03-12
1000,2025-03-23
1001,2025-03-17
1002,2025-03-23
1003,2025-03-18
1004,2024-08-15
1005,2025-03-12
1006,2025-02-20
1007,2025-03-13
1008,2025-02-10
1009,2025-02-13
1010,2025-03-31
1011,2025-04-05
1012,2025-04-03
1013,2025-04-04
1014,2024-10-01
1015,2025-04-07
1016,2025-04-09
1017,2025-04-07
1018,2025-03-31
1019,2025-04-10
1020,2025-04-11
1021,2025-04-08
1022,2023-10-12
1023,2024-02-19
1024,2024-04-24
1025,2024-03-18
1026,2025-04-12
1027,2025-04-10
1028,2025-02-07
1029,2025-02-15
1030,2025-01-05
1031,2025-04-19
1032,2023-08-29
1033,2023-11-13
1034,2024-08-04
1035,2024-11-20
1036,2025-01-20
1037,2025-04-16
1038,2025-04-22
1039,2025-04-19
1040,2025-04-26
1041,2025-01-21
1042,2025-03-25
1043,2025-04-26
1044,2025-04-15
1045,2025-04-29
1046,2025-04-24
1047,2025-04-27
1048,2025-01-10
1049,2025-01-26
1050,2025-03-31
1051,2025-02-18
1052,2025-01-25
1053,2024-03-30
1054,2025-04-23
1055,2025-04-29
1056,2025-02-12
1057,2017-08-15
1058,2024-05-06
1059,2025-05-06
1060,2025-05-06
1061,2025-02-07
1062,2025-05-07
1063,2025-05-12
1064,2024-11-14
1065,2024-09-23
1066,2025-04-07
1067,2025-02-18
1068,2025-04-15
1069,2025-01-31
1070,2025-05-09
1071,2025-05-14
1072,2025-05-14
1073,2025-04-15
1074,2025-05-15
1075,2025-05-19
1076,2025-05-21
1077,2025-05-15
1078,2025-02-27
1079,2025-05-17
1080,2025-05-08
1081,2025-05-27
1082,2024-04-06
1083,2025-05-13
1084,2025-05-22
1085,2025-05-30
1086,2025-04-08
1087,2023-08-20
1088,2023-04-15
1089,2024-10-23
1090,2025-05-30
1091,2023-01-23
1092,2025-05-23
1093,2025-04-26
1094,2025-03-02
1095,2025-05-30
1096,2025-05-25
1097,2025-06-12
1098,2025-01-10
1099,2025-04-25
1100,2024-04-10
1101,2025-04-29
1102,2025-04-30
1103,2025-03-18
1104,2025-05-17
1105,2025-02-10
1106,2025-06-13
1107,2025-06-13
1108,2025-06-10
1109,2021-03-01
1110,2025-06-18
1111,2025-06-19
1112,2025-06-18
1113,2025-03-09
1114,2025-06-12
1115,2025-04-15
1116,2025-06-20
1117,2025-06-22
1118,2021-01-01
1119,2025-06-28
1120,2025-06-16
1121,2025-06-29
1122,2025-06-28
1123,2025-06-26
1124,2025-06-30
1125,2025-06-12
1126,2025-05-16
1127,2025-06-27
1128,2025-06-15
1129,2024-07-21
1130,2025-03-13
1131,2025-04-21
1132,2025-07-02
1133,2025-06-30
1134,2025-06-30
1135,2025-07-01
1136,2025-07-04
1137,2024-09-20
1138,2023-03-01
1139,2025-06-30
1140,2025-06-18
1141,2025-06-15
1142,2025-07-07
1143,2025-01-22
1144,2024-06-05
1145,2025-02-25
1146,2025-07-08
1147,2025-07-14
1148,2025-07-11
1149,2025-07-22
1150,2025-07-20
1151,2025-05-26
1152,2025-07-18
1153,2025-07-07
1154,2025-04-01
1155,2025-07-01
1156,2025-04-22
1157,2025-07-14
1158,2025-07-17
1159,2025-05-10
1160,2025-06-05
1161,2025-08-02
1162,2025-04-07
1163,2024-10-15
1164,2024-05-06
1165,2025-08-05
1166,2025-08-05
1167,2023-08-15
1168,2025-08-04
1169,2020-06-30
1170,2025-08-06
1171,2025-07-25
1172,2024-12-26
1173,2025-06-23
1174,2025-02-26
1175,2025-08-09
1176,2025-08-01
1177,2025-08-14
1178,2025-07-21
1179,2025-06-30
1180,2025-03-25
1181,2025-06-28
1182,2025-07-30
1183,2024-04-16
1184,2025-08-13
1185,2025-08-19
1186,2025-07-31
1187,2025-08-15
1188,2025-06-25
1189,2025-08-20
1190,2025-08-18
1191,2025-04-21
1192,2025-04-11
1193,2025-08-22
1194,2024-10-01
1195,2025-09-01
1196,2025-05-07
1197,2025-04-26
1198,2025-07-08
1199,2025-01-28
1200,2025-08-28
1201,2025-08-27
1202,2025-09-07
1203,2025-08-21
1204,2025-08-05
1205,2025-09-11
1206,2025-02-25
1207,2025-09-11
1208,2025-07-17
1209,2023-11-08
1210,2025-08-21
1211,2025-08-19
1212,2025-09-20
1213,2025-08-01
1214,2025-09-29
1215,2025-09-12
1216,2025-07-07
1217,2025-07-09
1218,2025-07-04
1219,2025-07-02
1220,2025-07-10
1221,2025-06-23
1222,2022-08-10
1223,2025-10-01
1224,2025-10-01
1225,2025-10-03
1226,2025-10-03
1227,2025-08-19
1228,2025-03-12
1229,2025-09-26
1230,2024-07-11
1231,2025-10-17
1232,2025-10-12
1233,2025-10-18
1234,2025-10-15
1235,2025-07-01
1236,2020-01-01
1237,2025-08-04
1238,2025-10-10
1239,2025-04-23
1240,2025-06-27
1241,2025-10-17
1242,2025-06-09
1243,2025-10-20
1244,2025-10-19
1245,2024-08-02
1246,2025-01-21
1247,2025-04-28
1248,2025-10-22
1249,2025-10-21
1250,2025-10-20
1251,2025-10-15
1252,2025-06-30
1253,2025-10-27
1254,2025-06-24
1255,2025-08-28
1256,2025-10-24
1257,2025-06-04
1258,2025-10-22
1259,2025-07-25
1260,2024-01-27
1261,2025-11-08
1262,2025-09-29
1263,2025-11-13
1264,2025-11-10
1265,2025-10-28
1266,2025-11-10
1267,2025-11-07
1268,2025-11-06
1269,2025-10-27
1270,2025-10-15
1271,2025-11-14
1272,2025-10-05
1273,2025-10-26
1274,2025-08-29
1275,2025-11-17
1276,2023-10-01
1277,2025-11-21
1278,2025-11-11
1279,2025-11-18
1280,2023-10-20
1281,2025-11-10
1282,2025-11-17
1283,2025-09-30
1284,2025-11-19
1285,2025-11-29
1286,2025-05-29
1287,2025-11-26
1288,2025-08-01
1289,2025-07-28
1290,2025-10-27
1291,2024-08-01
1292,2024-02-01
1293,2025-12-06
1294,2025-12-05
1295,2025-01-18
1296,2025-02-05
1297,2024-10-30
1298,2025-12-04
1299,2025-10-03
1300,2025-12-04
1301,2025-11-11
1302,2025-12-11
1303,2025-12-04
1304,2025-06-01
1305,2025-12-05
1306,2025-12-15
1307,2025-12-15
1308,2025-04-18
1309,2025-06-17
1310,2025-12-12
1311,2023-09-17
1312,2025-12-09
1313,2025-12-18
1314,2025-12-02
1315,2025-08-26
1316,2025-12-19
1317,2025-12-27
1318,2025-12-23
1319,2025-12-26
1320,2025-12-25
1321,2025-11-27
1322,2025-12-26
1323,2025-12-28
1324,2024-09-18
