year,january_count,october_count,net_change,added_ids,removed_ids,changed_year_in,changed_year_out
1983,1,1,0,0,0,0,0
1984,0,0,0,0,0,0,0
1985,0,0,0,0,0,0,0
1986,0,0,0,0,0,0,0
1987,0,0,0,0,0,0,0
1988,0,0,0,0,0,0,0
1989,0,0,0,0,0,0,0
1990,0,0,0,0,0,0,0
1991,0,0,0,0,0,0,0
1992,1,1,0,0,0,0,0
1993,0,0,0,0,0,0,0
1994,0,0,0,0,0,0,0
1995,0,0,0,0,0,0,0
1996,1,1,0,0,0,0,0
1997,0,0,0,0,0,0,0
1998,1,1,0,0,0,0,0
1999,1,1,0,0,0,0,0
2000,0,0,0,0,0,0,0
2001,0,0,0,0,0,0,0
2002,0,0,0,0,0,0,0
2003,4,4,0,0,0,0,0
2004,0,0,0,0,0,0,0
2005,0,0,0,0,0,0,0
2006,1,1,0,0,0,0,0
2007,1,1,0,0,0,0,0
2008,3,3,0,0,0,0,0
2009,2,2,0,0,0,0,0
2010,1,1,0,0,0,0,0
2011,3,3,0,0,0,0,0
2012,8,8,0,0,0,0,0
2013,6,6,0,0,0,0,0
2014,13,13,0,0,0,0,0
2015,24,24,0,0,0,0,0
2016,41,41,0,0,0,0,0
2017,50,51,1,1,0,0,0
2018,45,46,1,1,0,0,0
2019,43,45,2,1,0,1,0
2020,89,91,2,3,0,0,1
2021,77,80,3,3,0,0,0
2022,104,108,4,4,0,0,0
2023,167,179,12,12,0,0,0
2024,280,307,27,27,0,0,0
2025,346,453,107,107,0,0,0
2026,0,241,241,241,0,0,0
