year,incidents,partial_year,v0_published,v0_known_severity,v1_published,v1_ai_no
1983,1,False,1,1,1,1
1984,0,False,0,0,0,0
1985,0,False,0,0,0,0
1986,0,False,0,0,0,0
1987,0,False,0,0,0,0
1988,0,False,0,0,0,0
1989,0,False,0,0,0,0
1990,0,False,0,0,0,0
1991,0,False,0,0,0,0
1992,1,False,0,0,0,0
1993,0,False,0,0,0,0
1994,0,False,0,0,0,0
1995,0,False,0,0,0,0
1996,1,False,1,1,1,0
1997,0,False,0,0,0,0
1998,1,False,1,1,1,0
1999,1,False,1,0,1,1
2000,0,False,0,0,0,0
2001,0,False,0,0,0,0
2002,0,False,0,0,0,0
2003,4,False,0,0,0,0
2004,0,False,0,0,0,0
2005,0,False,0,0,0,0
2006,1,False,0,0,0,0
2007,1,False,0,0,0,0
2008,3,False,2,2,3,1
2009,2,False,0,0,2,0
2010,1,False,1,1,1,1
2011,3,False,1,1,2,0
2012,8,False,2,2,5,1
2013,6,False,1,0,2,0
2014,13,False,5,5,7,4
2015,24,False,10,10,13,3
2016,41,False,21,15,22,2
2017,51,False,21,18,25,2
2018,46,False,7,7,16,1
2019,45,False,5,3,11,0
2020,91,False,12,9,40,5
2021,80,False,0,0,27,5
2022,108,False,0,0,11,1
2023,179,False,0,0,17,0
2024,307,False,0,0,0,0
2025,453,False,0,0,0,0
2026,241,True,0,0,0,0
